{
  "experiment": 1,
  "description": "Accuracy Comparison",
  "dataset": "PIMA Indians Diabetes",
  "max_depth": 5,
  "n_folds": 5,
  "bin_sizes": [
    5,
    10,
    20,
    50,
    100
  ],
  "results": {
    "plaintext": {
      "mean": 0.7315932433579493,
      "std": 0.06430075440377835,
      "values": [
        0.7922077922077922,
        0.7727272727272727,
        0.7662337662337663,
        0.7124183006535948,
        0.6143790849673203
      ]
    },
    "privpathinfer": {
      "mean": 0.7315932433579493,
      "std": 0.06430075440377835,
      "values": [
        0.7922077922077922,
        0.7727272727272727,
        0.7662337662337663,
        0.7124183006535948,
        0.6143790849673203
      ]
    },
    "sdtc_5bins": {
      "mean": 0.6601476954418131,
      "std": 0.037122425617450695,
      "values": [
        0.7272727272727273,
        0.6428571428571429,
        0.6168831168831169,
        0.6666666666666666,
        0.6470588235294118
      ]
    },
    "sdtc_10bins": {
      "mean": 0.7343009931245226,
      "std": 0.02752989634022005,
      "values": [
        0.7402597402597403,
        0.7792207792207793,
        0.7402597402597403,
        0.7124183006535948,
        0.6993464052287581
      ]
    },
    "sdtc_20bins": {
      "mean": 0.7329768270944742,
      "std": 0.03270093686304708,
      "values": [
        0.7532467532467533,
        0.7792207792207793,
        0.7402597402597403,
        0.6993464052287581,
        0.6928104575163399
      ]
    },
    "sdtc_50bins": {
      "mean": 0.727688651218063,
      "std": 0.05933381007542741,
      "values": [
        0.7792207792207793,
        0.7792207792207793,
        0.7597402597402597,
        0.6928104575163399,
        0.6274509803921569
      ]
    },
    "sdtc_100bins": {
      "mean": 0.7354893472540531,
      "std": 0.06500774908773604,
      "values": [
        0.7922077922077922,
        0.7727272727272727,
        0.7857142857142857,
        0.7058823529411765,
        0.6209150326797386
      ]
    },
    "sdtc_full_10bins": {
      "mean": 0.7328919446566506,
      "std": 0.06517802660309323,
      "values": [
        0.7922077922077922,
        0.7792207792207793,
        0.7662337662337663,
        0.7124183006535948,
        0.6143790849673203
      ]
    }
  },
  "key_finding": "PrivPathInfer accuracy difference from plaintext: 0.000000 (effectively zero)"
}