{
  "experiment": 3,
  "description": "Per-Query Inference Time",
  "n_queries": 100,
  "max_depth": 5,
  "results": {
    "plaintext": {
      "mean_ms": 0.007450002012774348,
      "std_ms": 0.00907512981248495,
      "times": [
        0.09540002793073654,
        0.012999982573091984,
        0.006299931555986404,
        0.008100061677396297,
        0.003800028935074806,
        0.004799920134246349,
        0.006500049494206905,
        0.0066999346017837524,
        0.00600004568696022,
        0.0065999338403344154,
        0.006400048732757568,
        0.005900044925510883,
        0.005599926225841045,
        0.004500034265220165,
        0.004400033503770828,
        0.0075999414548277855,
        0.006500049494206905,
        0.004699919372797012,
        0.006700051017105579,
        0.006299931555986404,
        0.004600035026669502,
        0.009499955922365189,
        0.006100046448409557,
        0.011199968867003918,
        0.007400056347250938,
        0.005499925464391708,
        0.006600050255656242,
        0.004200031980872154,
        0.00800006091594696,
        0.004200031980872154,
        0.00409991480410099,
        0.004400033503770828,
        0.007500057108700275,
        0.00600004568696022,
        0.006200047209858894,
        0.004499917849898338,
        0.004300032742321491,
        0.004500034265220165,
        0.006199930794537067,
        0.007700058631598949,
        0.006299931555986404,
        0.006100046448409557,
        0.00400003045797348,
        0.007899943739175797,
        0.004800036549568176,
        0.0073999399319291115,
        0.00400003045797348,
        0.004400033503770828,
        0.0069999368861317635,
        0.007600057870149612,
        0.0075999414548277855,
        0.012599979527294636,
        0.007700058631598949,
        0.004899920895695686,
        0.009300070814788342,
        0.005699926987290382,
        0.008900067768990993,
        0.005399924702942371,
        0.008200062438845634,
        0.005999929271638393,
        0.008100061677396297,
        0.005399924702942371,
        0.003300025127828121,
        0.008400063961744308,
        0.004900037311017513,
        0.00909995287656784,
        0.007900060154497623,
        0.004599918611347675,
        0.005500041879713535,
        0.008899951353669167,
        0.004600035026669502,
        0.004900037311017513,
        0.0075999414548277855,
        0.0100000761449337,
        0.004499917849898338,
        0.005100038833916187,
        0.004600035026669502,
        0.009900075383484364,
        0.005199923180043697,
        0.00600004568696022,
        0.004800036549568176,
        0.005300040356814861,
        0.004500034265220165,
        0.005899928510189056,
        0.010400079190731049,
        0.005399924702942371,
        0.009300070814788342,
        0.0073999399319291115,
        0.005300040356814861,
        0.005299923941493034,
        0.008800067007541656,
        0.009199953638017178,
        0.004700035788118839,
        0.005199923180043697,
        0.0127000967040658,
        0.009399955160915852,
        0.0069999368861317635,
        0.008600065484642982,
        0.00809994526207447,
        0.004900037311017513
      ]
    },
    "privpathinfer_paillier": {
      "mean_ms": 651.4533599908464,
      "std_ms": 199.5889890212603,
      "times": [
        784.5034999772906,
        866.8262999271974,
        572.8485999861732,
        1203.8711999775842,
        286.6842000512406,
        511.1480999039486,
        863.8939999509603,
        766.5022000437602,
        526.2465999694541,
        757.3039999697357,
        670.7903000060469,
        693.0799999972805,
        610.6688999570906,
        452.1344000240788,
        487.0555999223143,
        904.6475000213832,
        686.8276000022888,
        484.1062999330461,
        687.874999945052,
        743.7581999693066,
        435.3660000488162,
        829.2034000623971,
        736.1955000087619,
        681.064400007017,
        927.731900010258,
        425.73870008345693,
        702.0863000070676,
        444.0312000224367,
        917.0469000237063,
        483.81369991693646,
        482.6735999668017,
        432.0067000808194,
        771.8986000400037,
        765.0495000416413,
        774.6461000060663,
        512.8004000289366,
        579.9653000431135,
        561.1480999505147,
        907.7643000055104,
        1000.0198999186978,
        798.4849000349641,
        746.4013999560848,
        438.0120999412611,
        924.1554000182077,
        528.7148000206798,
        919.5300000719726,
        428.8438999792561,
        476.1715999338776,
        689.4476999295875,
        663.6467999778688,
        743.8664000947028,
        1038.6346000013873,
        752.0439000800252,
        432.33630002941936,
        916.2542000412941,
        475.0111000612378,
        925.1755999866873,
        473.6008000327274,
        696.2447999976575,
        557.5418999651447,
        710.8300999971107,
        481.37049993965775,
        260.1376000093296,
        709.0491999406368,
        429.96019998099655,
        914.8917000275105,
        689.6977000869811,
        436.991999973543,
        472.5906999083236,
        906.6593999741599,
        433.27929999213666,
        433.13190003391355,
        757.3556000133976,
        909.7460999619216,
        433.0866999225691,
        427.73439991287887,
        432.8311999561265,
        914.1358999768272,
        434.29849995300174,
        468.89139991253614,
        431.8863999797031,
        476.3840999221429,
        432.6601999346167,
        540.4583999188617,
        849.0259000100195,
        434.1644999803975,
        912.5050000147894,
        649.9173000920564,
        476.46909998729825,
        475.9420999325812,
        913.6116999434307,
        915.4276999179274,
        433.1311999121681,
        475.78850004356354,
        912.4031000537798,
        912.3107000486925,
        650.0188000500202,
        911.8298999965191,
        695.4998999135569,
        434.0901999967173
      ]
    },
    "sdtc": {
      "mean_ms": 1.0972399928141385,
      "std_ms": 0.17476963968810874,