{
  "experiment": 5,
  "description": "Scalability with Feature Count",
  "max_depth": 4,
  "results": {
    "feature_counts": [
      3,
      4,
      5,
      6,
      7,
      8
    ],
    "n_paths": [
      15,
      15,
      15,
      12,
      12,
      12
    ],
    "n_rules": [
      59,
      59,
      59,
      45,
      45,
      45
    ],
    "inference_ms": [
      80.21999498596415,
      79.10975501290523,
      80.06945000961423,
      83.61078000161797,
      87.91165001457557,
      89.76559998700395
    ],
    "encrypt_ms": [
      328.61820003017783,
      307.4347999645397,
      329.3895999668166,
      262.71050004288554,
      255.4010000312701,
      291.3960999576375
    ]
  }
}